{
  "baseline": {
    "thresholds": {
      "local_*": 0.5,
      "cloud_*": 0.3
    },
    "metrics": {
      "accuracy": 0.9057971014492754,
      "leak_rate": 0.0,
      "over_cautious_rate": 0.050724637681159424,
      "reject_rate": 0.13768115942028986
    }
  },
  "asymmetric": {
    "thresholds": {
      "local_confident": 0.3,
      "local_probable": 0.3,
      "cloud_required": 0.3,
      "hybrid": 0.3,
      "unknown": 0.3
    },
    "metrics": {
      "accuracy": 0.9057971014492754,
      "leak_rate": 0.0,
      "over_cautious_rate": 0.050724637681159424,
      "reject_rate": 0.13768115942028986
    }
  }
}