{
  "summary": {
    "dataset": "rewardbench",
    "n_examples": 46,
    "criteria": [
      "correctness",
      "helpfulness",
      "clarity"
    ],
    "pairwise_correlations": {
      "correctness__helpfulness": 0.7556,
      "correctness__clarity": 0.6465,
      "helpfulness__clarity": 0.7396
    },
    "high_correlation_pairs (|r|>=0.8)": [],
    "gate": "PASS",
    "elapsed_seconds": 215.31
  },
  "per_crit_margins": {
    "correctness": [
      0.45370299999999997,
      0.43170600000000003,
      0.210528,
      0.6699649999999999,
      0.316222,
      -0.006040000000000018,
      0.44936699999999996,
      0.671605,
      0.586082,
      0.694916,
      -0.013066999999999995,
      0.265362,
      0.11305900000000002,
      0.09700399999999998,
      0.29959100000000005,
      0.0022120000000000195,
      0.068581,
      0.547711,
      0.043936,
      0.12367500000000001,
      0.145071,
      -0.200403,
      0.549574,
      0.274527,
      0.19181299999999998,
      0.26960799999999996,
      0.38190999999999997,
      0.852621,
      0.33085,
      0.741019,
      -0.018571999999999977,
      -0.102688,
      0.12749699999999997,
      0.123253,
      0.45103000000000004,
      0.05712800000000001,
      0.0009680000000000244,
      0.035245,
      0.6270519999999999,
      0.06989099999999998,
      -0.002572999999999992,
      0.04084099999999999,
      0.5691440000000001,
      0.064364,
      0.468058,
      0.265978
    ],
    "helpfulness": [
      0.31237299999999996,
      0.482651,
      0.07476299999999997,
      0.22269499999999998,
      0.007828999999999975,
      0.009297,
      0.060146000000000005,
      0.759085,
      0.291989,
      0.605528,
      -0.008597999999999995,
      0.176266,
      0.03157500000000002,
      0.217911,
      0.11978700000000003,
      0.10053299999999998,
      0.008353,
      0.214115,
      0.082398,
      0.125945,
      0.19607400000000003,
      -0.045278999999999986,
      0.275289,
      0.039215,
      0.127661,
      0.08125099999999999,
      0.509128,
      0.809304,
      0.05182999999999999,
      0.16669699999999998,
      -0.04711299999999999,
      -0.039821999999999996,
      -0.05938500000000002,
      0.23759999999999998,
      0.23449699999999996,
      0.078651,
      0.0879,
      0.16082499999999997,
      0.5140149999999999,
      0.080317,
      0.024818000000000007,
      0.051368,
      0.368006,
      0.175385,
      0.35668600000000006,
      0.22538999999999998
    ],
    "clarity": [
      0.16621000000000008,
      0.442651,
      0.21593999999999997,
      0.21807899999999997,
      0.27011799999999997,
      -0.009446999999999983,
      0.050633999999999985,
      0.724958,
      0.41065399999999996,
      0.592868,
      -0.14476399999999998,
      0.18389399999999997,
      -0.43594799999999995,
      0.12459900000000002,
      0.404586,
      0.015882000000000007,
      0.202083,
      0.02183400000000002,
      0.108961,
      0.16828500000000002,
      0.017708999999999975,
      0.25378900000000004,
      0.177013,
      0.110873,
      0.087361,
      0.05322099999999999,
      0.589839,
      0.83976,
      0.09791800000000003,
      0.674192,
      -0.00656000000000001,
      -0.05504999999999999,
      0.05332100000000001,
      0.197478,
      0.10306399999999999,
      0.027885999999999994,
      0.025222999999999995,
      0.05391399999999999,
      0.27641800000000005,
      0.26462600000000003,
      0.024888999999999994,
      0.017888999999999988,
      0.29676600000000003,
      0.393648,
      0.667441,
      0.418053
    ]
  }
}